Dorm,Classification,Cluster,Subdivisions
Alumni,House,Abbot,
America,House,Abbot,
Andover,Inn,Abbot,
BBailey,House,Abbot,
Carriage,House,Abbot,
Clement,House,Abbot,
DBrick,House,Abbot,
Draper,Cottage,Abbot,
Flagg,House,Abbot,
French,House,Abbot,
Morton,House,Abbot,
Samaritan,House,Abbot,
Stearns,House,Abbot,
Stowe,House,Abbot,
ATWhitney,House,Abbot,
Bartlet,Hall,Flagstaff,
Burtt,House,Flagstaff,
Day,House,Flagstaff,
Foxcroft,House,Flagstaff,North&South
Hearsey,House,Flagstaff,
Newman,House,Flagstaff,
PaulRevere,House,Flagstaff,North&South
Smith,House,Flagstaff,
Fuess,House,PineKnoll,Center&North&South
NathanHale,,PineKnoll,Center&East&West
AStevens,,PineKnoll,Center&East&West
Stimson,,PineKnoll,East&West
EStuart,,PineKnoll,North&South
Andover,Cottage,WQNorth,
Bancroft,House,WQNorth,
Bishop,,WQNorth,North&South
Chase,House,WQNorth,
Eaton,Cottage,WQNorth,
Isham,,WQNorth,
Pease,House,WQNorth,
Pemberton,Cottage,WQNorth,
Rockwell,,WQNorth,North&South
Adams,House,WQSouth,Center&North&South
Johnson,House,WQSouth,North&South
Taylor,House,WQSouth,East&West&Top
Thompson,House,WQSouth,
Tucker,House,WQSouth,
